DATUM;ID;TYP
20160104225118;884e373;4
20160104232348;24abc147;1
20160104232458;24abc147;1
20160104232558;24abc147;1
20160104232820;24abc147;1
20160104233028;24abc147;1
20160104234717;24abc147;1
20160104235403;24abc147;1
20160105011319;24abc147;1
20160105035934;24abc147;1
20160105040032;24abc147;1
20160105040514;24abc147;1
20160105041550;24abc147;1
20160105042843;24abc147;1
20160105043008;24abc147;1
20160105043116;24abc147;1
20160105043402;24abc147;1
20160105043625;24abc147;1
20160105044128;24abc147;1
20160105044350;24abc147;1
20160105044406;24abc147;1
20160105044709;24abc147;1
20160105050355;24abc147;1
20160105052616;24abc147;3
20160105055141;24abc147;1
20160105055415;884e373;1
20160105055429;884e373;1
20160105055547;884e373;1
20160105055655;24abc147;1
20160105055707;24abc147;1
20160105055905;24abc147;1
20160105060242;24abc147;1
20160105060256;24abc147;1
20160105060356;24abc147;1
20160105061239;24abc147;1
20160105061708;24abc147;1
20160105061721;24abc147;1
20160105061838;24abc147;1
20160105061949;24abc147;1
20160105062234;24abc147;3
20160105062551;24abc147;1
20160105062918;24abc147;3
20160105072630;24abc147;3
20160105072817;24abc147;3
20160105073032;24abc147;1
20160105073112;24abc147;3
20160105073134;24abc147;1
20160105071917;24abc147;3
20160105072025;24abc147;2
20160105074527;24abc147;3
20160105075302;24abc147;3
20160105082718;24abc147;1
20160105082732;24abc147;1
20160105082819;24abc147;1
20160105091728;24abc147;3
20160105091836;24abc147;1
20160105091928;24abc147;3
20160105092048;24abc147;2
20160105092129;24abc147;2
20160105092153;24abc147;2
20160105093115;24abc147;3
20160105092741;24abc147;2
20160105094605;24abc147;1
20160105092632;24abc147;3
20160107163518;24abc147;2
20160107170429;24abc147;1
20160107170454;24abc147;1
20160107170519;884e373;1
20160107170537;24abc147;2
20160108105233;24abc147;1
20160108105448;24abc147;2
20160108110749;24abc147;2
20160108112323;24abc147;5
20160108113954;24abc147;2
20160108120929;24abc147;3
20160108123021;24abc147;5
20160108131204;24abc147;4
20160108131700;24abc147;5
20160108131726;24abc147;5
20160108131756;24abc147;5
20160108131826;24abc147;5
20160108142451;24abc147;1
20160108142534;24abc147;1
20160108142617;24abc147;4
20160108142703;24abc147;2
20160108142755;24abc147;4
20160108150135;24abc147;2
20160108152817;24abc147;3
20160108164510;24abc147;4
20160112105855;24abc147;1
20160112111959;24abc147;2
20160112112145;24abc147;2
20160112112238;24abc147;2
20160112122036;24abc147;3
20160112132026;24abc147;2
20160112134354;24abc147;2
20160112134440;24abc147;2
20160112134547;24abc147;2
20160112134906;24abc147;1
20160112135035;24abc147;2
20160112140902;24abc147;2
20160112140930;24abc147;2
20160112141048;24abc147;2
20160112141751;24abc147;2
20160112141942;24abc147;2
20160112142211;24abc147;2
20160112142917;24abc147;2
20160112143119;24abc147;3
20160112143358;24abc147;2
20160112143611;24abc147;2
20160112143914;24abc147;1
20160112144104;24abc147;2
20160112145147;24abc147;2
20160112145401;24abc147;2
20160112145633;24abc147;2
20160112145843;24abc147;2
20160112145938;24abc147;2
20160112150008;24abc147;2
20160112150051;24abc147;2
20160112150212;24abc147;2
20160112150336;24abc147;5
20160112151250;24abc147;2
20160112153858;24abc147;2
20160112153936;24abc147;2
20160112154023;24abc147;2
20160112154909;24abc147;1
20160112155139;33284ab1;1
20160112155313;33284ab1;5
20160112160527;24abc147;5
20160112161620;24abc147;5
20160112161719;24abc147;5
20160112182020;24abc147;5
20160112183702;24abc147;5
20160112184240;24abc147;5
20160112184332;24abc147;5
20160112185029;24abc147;5
20160112185921;24abc147;5
20160112191808;24abc147;5
20160112191941;24abc147;5
20160112193943;24abc147;3
20160112194120;33284ab1;1
20160112194154;33284ab1;3
20160112194500;33284ab1;3
20160112194547;33284ab1;3
20160112194951;33284ab1;5
20160112195059;33284ab1;5
20160112195158;33284ab1;5
20160112195904;24abc147;5
20160113085317;33284ab1;1
20160113090320;33284ab1;5
20160113102526;33284ab1;5
20160113111059;24abc147;5
20160113111357;24abc147;5
20160113111802;33284ab1;5
20160113133132;24abc147;2
20160113133313;24abc147;3
20160113133537;24abc147;2
20160113135348;24abc147;2
20160113141348;33284ab1;5
20160113152507;33284ab1;5
20160114103515;e3aa6a62;2
20160114104001;24abc147;2
20160114104707;40d0b637;2
20160114110543;bc99248a;3
20160114113344;33284ab1;5
20160114114315;24abc147;2
20160114114433;40c8b237;5
20160114124315;33284ab1;5
20160114154118;33284ab1;5
20160114160821;24abc147;2
20160114175348;33284ab1;1
20160114175505;24abc147;1
20160114180303;33284ab1;1
20160114180701;33284ab1;1
20160114181207;24abc147;2
20160114181451;33284ab1;1
20160114182629;33284ab1;1
20160114183426;33284ab1;1
20160114185225;33284ab1;5
20160114185225;33284ab1;5
20160115082907;33284ab1;5
20160115082959;33284ab1;5
20160115083543;f31c6b62;4
20160115084200;0a8b337;3
20160115084329;9073b637;5
20160115090423;23f44bb1;3
20160115094536;33284ab1;5
20160115101945;208b437;5
20160115121546;208b437;5
20160115133431;a447bf47;5
20160115141721;23f44bb1;3
20160115141922;a447bf47;1
20160115143510;a447bf47;1
20160115144803;502ab737;3
20160115150915;80a6b337;3
20160115151217;d3d44db1;3
20160115160323;c304ab1;4
20160115160718;c304ab1;3
20160117134317;c304ab1;4
20160117134612;c304ab1;4
20160117144000;c304ab1;4
20160117160925;c304ab1;4
20160117161028;c304ab1;4
20160118084554;33284ab1;5
20160118085016;9073b637;5
20160118085117;9073b637;2
20160118085935;807d9c1e;3
20160118090049;33284ab1;5
20160118090348;9073b637;5
20160118090449;9073b637;2
20160118090640;f31c6b62;5
20160118091054;0a8b337;5
20160118092511;80a6b337;3
20160118092656;80a6b337;3
20160118092811;80a6b337;3
20160118092947;502ab737;3
20160118093355;c304ab1;4
20160118101246;64cdc047;5
20160118103050;24abc147;2
20160118104743;9073b637;2
20160118105236;9073b637;5
20160118111324;80a6b337;3
20160118111642;64cdc047;5
20160118112103;a447bf47;3
20160118112208;24abc147;2
20160118114246;d3d44db1;3
20160118123347;a447bf47;1
20160118131746;807d9c1e;3
20160118132816;24abc147;3
20160118133044;33284ab1;5
20160118133336;24abc147;2
20160118133620;80a6b337;1
20160118133728;80a6b337;3
20160118133906;80a6b337;3
20160118134328;a447bf47;1
20160118135320;64cdc047;5
20160118135445;64cdc047;5
20160118140703;c304ab1;4
20160118142810;f31c6b62;5
20160118151535;e071b537;3
20160118151650;d3d44db1;3
20160118151650;d3d44db1;3
20160118152144;33284ab1;5
20160118153312;e3aa6a62;2
20160118153312;e3aa6a62;2
20160118153838;c304ab1;5
20160118153838;c304ab1;5
20160118172505;a447bf47;5
20160118172743;a447bf47;1
20160118174359;c304ab1;3
20160118174501;c304ab1;5
20160118175051;33284ab1;5
20160118193132;33284ab1;5
20160118193321;33284ab1;5
20160118193401;33284ab1;5
20160118200048;c304ab1;5
20160119071035;f31c6b62;5
20160119072837;0a8b337;3
20160119082645;e071b537;3
20160119090012;807d9c1e;3
20160119090325;0a8b337;3
20160119090533;80a6b337;3
20160119091134;33284ab1;5
20160119091256;9073b637;5
20160119113117;24abc147;2
20160119113542;e3aa6a62;2
20160119120127;a447bf47;5
20160119120708;807d9c1e;3
20160119121957;c304ab1;5
20160119124755;40c8b237;5
20160119124928;33284ab1;5
20160119125018;33284ab1;5
20160119125601;a447bf47;5
20160119125644;24abc147;2
20160119125918;f31c6b62;5
20160119131530;e071b537;3
20160119132808;23f44bb1;3
20160119132913;bc99248a;3
20160119133010;8471c447;2
20160119133202;502ab737;3
20160119140804;f31c6b62;3
20160119140910;f31c6b62;5
20160119142437;b4d2c447;4
20160119142836;24abc147;2
20160119150658;33284ab1;5
20160119153805;23f44bb1;3
20160119165937;33284ab1;5
20160119170906;c304ab1;5
20160119171020;c304ab1;3
20160119180948;33284ab1;5
20160119184018;a447bf47;1
20160119184603;a447bf47;1
20160120080928;0a8b337;5
20160120082900;33284ab1;5
20160120083020;9073b637;5
20160120084018;f31c6b62;5
20160120084902;f31c6b62;3
20160120093113;502ab737;3
20160120094114;9eb0f168;3
20160120095114;33284ab1;5
20160120095312;1bcac9a1;4
20160120103140;10d99a1e;4
20160120105445;0a8b337;5
20160120110931;e3aa6a62;2
20160120111059;f31c6b62;5
20160120111225;f31c6b62;3
20160120111913;33284ab1;5
20160120113400;8471c447;2
20160120113512;4e7c247;3
20160120120349;c304ab1;5
20160120123334;807d9c1e;3
20160120123444;64cdc047;5
20160120125838;40c8b237;5
20160120131939;e3aa6a62;2
20160120132034;e3aa6a62;2
20160120134332;0a8b337;5
20160120134805;33284ab1;5
20160120135212;80a6b337;3
20160120135744;f31c6b62;3
20160120135848;f31c6b62;5
20160120142218;502ab737;3
20160120142321;f31c6b62;5
20160120142431;502ab737;1
20160120143710;807d9c1e;3
20160120143821;c304ab1;5
20160120144239;9073b637;2
20160120153329;33284ab1;5
20160120155914;40c8b237;5
20160120160039;807d9c1e;3
20160120161431;8471c447;2
20160120161650;1bcac9a1;3
20160120162027;10d99a1e;4
20160120164525;e3aa6a62;2
20160120164646;e3aa6a62;2
20160120170808;33284ab1;5
20160120172900;807d9c1e;3
20160120214100;807d9c1e;3
20160121081124;13d86a62;3
20160121082212;33284ab1;5
20160121082332;9073b637;5
20160121083523;9073b637;5
20160121083636;8471c447;2
20160121084242;0a8b337;5
20160121085227;0a8b337;3
20160121085925;807d9c1e;3
20160121090229;80a6b337;3
20160121091340;502ab737;3
20160121091522;c31c6b62;3
20160121092936;64cdc047;5
20160121093057;80a6b337;3
20160121093618;54d0c447;3
20160121093717;33284ab1;5
20160121093955;e071b537;3
20160121095645;8471c447;2
20160121095756;8471c447;2
20160121100340;0a8b337;5
20160121101010;e3aa6a62;5
20160121101531;4094a61e;1
20160121102353;144fbf47;2
20160121102840;1bcac9a1;4
20160121103034;c304ab1;5
20160121103147;c304ab1;3
20160121103554;e071b537;3
20160121104753;33284ab1;5
20160121104919;64cdc047;5
20160121105337;945cc147;2
20160121105404;945cc147;2
20160121112008;e3aa6a62;2
20160121112107;e3aa6a62;2
20160121112327;144fbf47;2
20160121115138;c304ab1;5
20160121123143;e071b537;3
20160121123314;e071b537;5
20160121124440;0a8b337;5
20160121130758;c304ab1;5
20160121130828;c304ab1;5
20160121131139;502ab737;5
20160121140614;33284ab1;5
20160121143323;64cdc047;5
20160121143655;e3aa6a62;2
20160121143852;e3aa6a62;2
20160121144057;8471c447;5
20160121144156;8471c447;2
20160121144250;8471c447;2
20160121144757;33284ab1;5
20160121145217;144fbf47;2
20160121145358;0a8b337;3
20160121151206;7bd7ca1;3
20160121154832;c304ab1;5
20160121155808;33284ab1;5
20160121165645;c304ab1;5
20160121183504;33284ab1;5
20160122081829;33284ab1;5
20160122081942;f31c6b62;5
20160122084011;33284ab1;5
20160122084101;33284ab1;5
20160122085508;8471c447;2
20160122085600;8471c447;2
20160122090333;80a6b337;3
20160122090500;80a6b337;3
20160122091225;502ab737;3
20160122091326;94d4c247;1
20160122091857;64cdc047;5
20160122094606;80a6b337;5
20160122094734;13d86a62;5
20160122095535;144fbf47;2
20160122095855;8471c447;2
20160122100010;94d4c247;1
20160122100049;8471c447;2
20160122103149;e3aa6a62;2
20160122103257;945cc147;3
20160122103402;64cdc047;5
20160122103514;945cc147;2
20160122104409;807d9c1e;3
20160122105002;c304ab1;5
20160122105209;7bd7ca1;5
20160122105321;1bcac9a1;4
20160122105449;144fbf47;2
20160122105512;144fbf47;2
20160122105603;144fbf47;2
20160122105646;144fbf47;2
20160122105708;144fbf47;2
20160122105801;f31c6b62;5
20160122105931;33284ab1;5
20160122110853;54d0c447;4
20160122115053;f31c6b62;5
20160122115116;f31c6b62;5
20160122115305;f31c6b62;5
20160122115521;24abc147;3
20160122121135;24abc147;1
20160122123654;e071b537;3
20160122123807;e071b537;5
20160122125524;208b437;5
20160122125645;0a8b337;5
20160122131210;0a8b337;3
20160122132454;33284ab1;5
20160122132615;33284ab1;5
20160122132718;33284ab1;5
20160122132830;c304ab1;5
20160122132853;33284ab1;5
20160122133011;502ab737;3
20160122133112;144fbf47;2
20160122133816;64cdc047;5
20160122134018;7bd7ca1;5
20160122134517;33284ab1;5
20160122134634;f3146b62;2
20160122135715;94d4c247;1
20160122141439;e3aa6a62;2
20160122141541;24abc147;5
20160122141821;f31c6b62;5
20160122144814;33284ab1;5
20160122145519;807d9c1e;5
20160122150139;e071b537;5
20160122150857;33284ab1;5
20160122154044;0a8b337;5
20160122154201;0a8b337;3
20160122154404;0a8b337;3
20160122154509;f31c6b62;5
20160122155956;0a8b337;3
20160122162133;33284ab1;5
20160122225919;33284ab1;5
20160123103225;f31c6b62;5
20160123145416;f31c6b62;5
20160123171801;f31c6b62;5
20160124102438;33284ab1;5
20160124103916;f31c6b62;5
20160124111814;33284ab1;5
20160124112914;33284ab1;5
20160124122014;f31c6b62;5
20160124135602;33284ab1;5
20160124140653;33284ab1;5
20160124153956;33284ab1;5
20160124154259;f31c6b62;5
20160124174129;33284ab1;5
20160124180027;33284ab1;5
20160125081952;33284ab1;5
20160125082835;f31c6b62;5
20160125090350;807d9c1e;5
20160125090603;33284ab1;5
20160125090720;9073b637;5
20160125090808;8471c447;2
20160125090910;8471c447;5
20160125091005;80a6b337;3
20160125091037;80a6b337;3
20160125092023;80a6b337;3
20160125092534;54d0c447;4
20160125093004;502ab737;3
20160125093737;1bcac9a1;4
20160125094118;94d4c247;1
20160125094422;64cdc047;5
20160125094539;208b437;5
20160125094644;e071b537;3
20160125095258;807d9c1e;5
20160125095405;144fbf47;2
20160125095437;144fbf47;2
20160125101729;33284ab1;5
20160125102639;144fbf47;2
20160125103223;64cdc047;5
20160125103352;208b437;5
20160125103521;40c8b237;5
20160125103914;e071b537;5
20160125105637;807d9c1e;3
20160125111729;33284ab1;5
20160125111848;20d6a61e;1
20160125111925;20d6a61e;2
20160125112823;24abc147;2
20160125112923;945cc147;2
20160125113813;d3d44db1;3
20160125115026;bc99248a;3
20160125115135;bc99248a;3
20160125121507;a447bf47;5
20160125121605;24abc147;5
20160125122236;e071b537;3
20160125122346;d3d44db1;3
20160125122452;bc99248a;3
20160125122558;bc99248a;3
20160125124235;502ab737;3
20160125124656;33284ab1;5
20160125124814;9073b637;5
20160125131109;f31c6b62;5
20160125131931;208b437;5
20160125132049;64cdc047;5
20160125132210;64cdc047;5
20160125132326;7bd7ca1;5
20160125132425;7bd7ca1;5
20160125132544;80a6b337;3
20160125132712;b3976a62;4
20160125132849;144fbf47;2
20160125134321;f3146b62;2
20160125134719;e071b537;5
20160125134830;f31c6b62;5
20160125134926;a447bf47;5
20160125135003;a447bf47;5
20160125135125;e071b537;5
20160125144129;20d6a61e;2
20160125150134;d3d44db1;3
20160125150404;54d0c447;3
20160125151058;9073b637;5
20160125151528;c304ab1;3
20160125151635;c304ab1;5
20160125151825;f31c6b62;5
20160125152103;33284ab1;5
20160125153919;94d4c247;1
20160125164237;c304ab1;3
20160125165035;d3d44db1;3
20160125181954;33284ab1;5
20160125182410;a6cff4f;5
20160126083302;33284ab1;5
20160126083426;9073b637;5
20160126091914;502ab737;3
20160126092024;bc99248a;3
20160126092849;94d4c247;5
20160126092948;94d4c247;1
20160126093058;144fbf47;2
20160126093152;33284ab1;5
20160126093948;e3aa6a62;2
20160126094208;13d86a62;5
20160126094321;c31c6b62;3
20160126094426;2473381;3
20160126094828;4094a61e;1
20160126095047;64cdc047;5
20160126095818;2473381;3
20160126100026;e071b537;3
20160126100101;e071b537;3
20160126100213;e071b537;5
20160126100335;144fbf47;2
20160126100717;1bcac9a1;3
20160126100827;1bcac9a1;3
20160126101119;b4d2c447;4
20160126101406;33284ab1;5
20160126102505;f31c6b62;5
20160126103048;24abc147;2
20160126104131;54d0c447;4
20160126110027;64cdc047;5
20160126110127;64cdc047;5
20160126110148;64cdc047;5
20160126110255;64cdc047;5
20160126112349;c304ab1;5
20160126112511;f3146b62;2
20160126113850;33284ab1;5
20160126114011;f31c6b62;5
20160126124257;24abc147;3
20160126125457;20d6a61e;2
20160126125837;502ab737;3
20160126140339;33284ab1;5
20160126140512;9073b637;5
20160126144738;d3d44db1;3
20160126144857;20d6a61e;2
20160126145420;f31c6b62;5
20160126150759;24abc147;1
20160126150821;94d4c247;1
20160126153619;33284ab1;5
20160126164909;d3d44db1;3
20160126165217;a6cff4f;5
20160126165345;a6cff4f;5
20160127081402;f31c6b62;5
20160127084214;33284ab1;5
20160127085723;f31c6b62;5
20160127090700;8471c447;2
20160127090754;8471c447;2
20160127102042;33284ab1;5
20160127112217;e3aa6a62;2
20160127112247;e3aa6a62;2
20160127113208;f31c6b62;5
20160127124311;f31c6b62;5
20160127173105;a6cff4f;5
20160127173237;a6cff4f;5
20160128003455;a6cff4f;5
20160128101321;f31c6b62;5
20160128102040;e3aa6a62;2
20160201181210;24abc147;2
20160201181619;24abc147;5
20160201182018;24abc147;5
20160201182041;24abc147;4
20160201182104;24abc147;1
20160201191940;807d9c1e;5
20160201192026;807d9c1e;5
20160201192118;807d9c1e;5
20160201200816;33284ab1;2
20160201221636;a6cff4f;5
20160201222027;807d9c1e;5
20160201225526;807d9c1e;5
20160202073048;9073b637;5
20160202081405;9073b637;5
20160202081502;33284ab1;5
20160202082238;e071b537;5
20160202083035;f31c6b62;5
20160202083229;8471c447;2
20160202083330;8471c447;3
20160202084842;7a1798b3;3
20160202085327;80a6b337;3
20160202085927;0a8b337;3
20160202090043;33284ab1;5
20160202090138;33284ab1;5
20160202090254;8471c447;2
20160202090722;94d4c247;1
20160202091858;e071b537;5
20160202092025;80a6b337;5
20160202092351;e071b537;2
20160202092448;80a6b337;3
20160202092604;80a6b337;2
20160202092735;bc99248a;5
20160202093005;f31c6b62;5
20160202093550;80a6b337;5
20160202094045;945cc147;3
20160202094148;945cc147;2
20160202094252;bc99248a;3
20160202095004;502ab737;4
20160202095414;502ab737;3
20160202095514;33284ab1;5
20160202100132;f3146b62;2
20160202100306;f3146b62;2
20160202100446;f31c6b62;5
20160202102344;807d9c1e;5
20160202102457;13d86a62;5
20160202102819;0a8b337;3
20160202102942;80a6b337;3
20160202103110;144fbf47;2
20160202103203;144fbf47;1
20160202103804;208b437;5
20160202104034;24abc147;2
20160202104136;4094a61e;1
20160202104236;4094a61e;1
20160202105434;33284ab1;5
20160202105943;c304ab1;5
20160202110053;64cdc047;5
20160202110203;64cdc047;5
20160202110452;807d9c1e;5
20160202113557;24abc147;2
20160202113709;945cc147;4
20160202115950;bc99248a;5
20160202120709;13d86a62;5
20160202120951;807d9c1e;5
20160202121356;7a1798b3;3
20160202121438;7a1798b3;3
20160202121603;7a1798b3;5
20160202122003;d3e46a62;5
20160202123622;0a8b337;3
20160202125758;c304ab1;5
20160202125930;502ab737;5
20160202130037;8471c447;2
20160202130131;94d4c247;1
20160202130206;94d4c247;1
20160202130248;33284ab1;5
20160202130409;9073b637;5
20160202130509;9073b637;5
20160202130614;e071b537;3
20160202132139;d3e46a62;3
20160202132334;d3e46a62;5
20160202132916;f31c6b62;5
20160202133302;144fbf47;2
20160202133358;807d9c1e;5
20160202133617;f3146b62;2
20160202140141;33284ab1;5
20160202140255;c304ab1;5
20160202141901;d3d44db1;3
20160202142019;d3d44db1;3
20160202144846;f31c6b62;5
20160202150505;20d6a61e;2
20160202151331;c304ab1;5
20160202151412;c304ab1;5
20160202151738;e3aa6a62;2
20160202151907;144fbf47;2
20160202154147;33284ab1;5
20160202154259;33284ab1;5
20160202155806;d3d44db1;3
20160202160552;807d9c1e;5
20160202163743;807d9c1e;5
20160202164641;f31c6b62;5
20160202170917;33284ab1;5
20160202173846;33284ab1;5
20160202190553;807d9c1e;5
20160202212121;807d9c1e;5
20160202234555;807d9c1e;5
20160203082411;f31c6b62;5
20160203082517;f31c6b62;5
20160203082745;c31c6b62;3
20160203083136;8471c447;2
20160203083536;33284ab1;5
20160203090218;807d9c1e;5
20160203092348;f31c6b62;5
20160203092503;33284ab1;5
20160203093346;144fbf47;2
20160203093443;807d9c1e;5
20160203093614;f3146b62;2
20160203093707;64cdc047;5
20160203094535;bc99248a;5
20160203095100;e3aa6a62;5
20160203095224;e3aa6a62;2
20160203095416;7a1798b3;3
20160203100501;308cb337;2
20160203100801;1bcac9a1;4
20160203101018;308cb337;3
20160203101241;308cb337;3
20160203101352;c304ab1;5
20160203101422;8471c447;5
20160203101530;c304ab1;2
20160203101629;8471c447;2
20160203101738;807d9c1e;5
20160203101845;144fbf47;2
20160203103441;f31c6b62;5
20160203103553;f31c6b62;3
20160203103710;f31c6b62;3
20160203103810;f31c6b62;5
20160203102711;33284ab1;3
20160203102823;33284ab1;5
20160203121212;f31c6b62;5
20160203121633;e071b537;3
20160203121742;80a6b337;3
20160203122015;7a1798b3;3
20160203123301;e071b537;3
20160203124402;807d9c1e;5
20160203124738;33284ab1;5
20160203124857;502ab737;5
20160203125013;0a8b337;3
20160203130445;c304ab1;5
20160203131307;807d9c1e;5
20160203131439;40c8b237;5
20160203133626;8471c447;2
20160203135037;c304ab1;5
20160203135159;33284ab1;5
20160203135235;33284ab1;5
20160203140417;0a8b337;3
20160203140549;f3146b62;2
20160203140654;f3146b62;2
20160203141824;c304ab1;3
20160203142214;7bd7ca1;5
20160203143440;24abc147;1
20160203143518;945cc147;2
20160203143641;f31c6b62;5
20160203144013;40c8b237;5
20160203144806;bc99248a;5
20160203150428;10d99a1e;3
20160203153050;144fbf47;2
20160203153116;144fbf47;2
20160203155127;308cb337;4
20160203155249;208b437;5
20160203155315;208b437;5
20160203155452;0a8b337;3
20160203161242;c304ab1;5
20160203161549;24abc147;1
20160203163300;33284ab1;5
20160203165057;40c8b237;5
20160204082851;c31c6b62;3
20160204082949;33284ab1;5
20160204090225;8471c447;2
20160204091308;502ab737;5
20160204091426;33284ab1;5
20160204092224;c304ab1;5
20160204092344;80a6b337;3
20160204092453;0a8b337;3
20160204092717;0a8b337;3
20160204092854;807d9c1e;5
20160204094528;bc99248a;5
20160204094759;807d9c1e;5
20160204095156;f31c6b62;5
20160204095458;c304ab1;5
20160204100522;f3146b62;2
20160204101333;33284ab1;5
20160204102444;1bcac9a1;4
20160204103519;807d9c1e;5
20160204103624;80a6b337;3
20160204103725;e071b537;3
20160204104037;208b437;5
20160204104341;e3aa6a62;2
20160204104445;c304ab1;5
20160204104510;c304ab1;5
20160204104949;9eb0f168;3
20160204105103;9eb0f168;1
20160204105322;64cdc047;5
20160204105941;945cc147;2
20160204110217;e3aa6a62;2
20160204112405;0a8b337;3
20160204113125;807d9c1e;5
20160204113850;2473381;3
20160204123401;c304ab1;5
20160204123544;e071b537;3
20160204123841;807d9c1e;5
20160204124609;33284ab1;5
20160204124752;94d4c247;3
20160204125040;208b437;5
20160204125141;80a6b337;3
20160204125247;64cdc047;5
20160204132836;8471c447;2
20160204135124;502ab737;5
20160204135312;f31c6b62;5
20160204140052;24abc147;5
20160204141209;bc99248a;5
20160204141751;64cdc047;5
20160204141908;33284ab1;5
20160204142752;0a8b337;3
20160204142948;f31c6b62;5
20160204143210;807d9c1e;5
20160204143320;d3d44db1;3
20160204143757;e071b537;3
20160204153518;f31c6b62;5
20160204153656;807d9c1e;5
20160204154346;33284ab1;5
20160204160912;40d0b637;2
20160204162108;d3d44db1;3
20160204162607;c304ab1;5
20160204172559;33284ab1;5
20160204184416;d3d44db1;3
20160205081922;33284ab1;5
20160205082007;33284ab1;5
20160205083939;9073b637;5
20160205084035;33284ab1;5
20160205085400;e071b537;3
20160205085512;0a8b337;3
20160205090400;f3146b62;2
20160205090531;94d4c247;2
20160205092610;64cdc047;5
20160205093120;1bcac9a1;3
20160205093228;80a6b337;3
20160205100306;e071b537;3
20160205100334;e071b537;3
20160205100443;9073b637;5
20160205100533;33284ab1;5
20160205100654;40d0b637;2
20160205101348;9eb0f168;1
20160205102049;e3aa6a62;5
20160205102606;ooooo2;3
20160205104000;64cdc047;5
20160205105825;7bd7ca1;5
20160205110208;33284ab1;5
20160205110536;c304ab1;5
20160205110636;c304ab1;5
20160205112138;945cc147;2
20160205115136;308cb337;3
20160205115240;c304ab1;5
20160205115543;e3aa6a62;5
20160205121956;0a8b337;3
20160205123305;e071b537;3
20160205124411;94d4c247;1
20160205125245;33284ab1;5
20160205130650;e49bbf47;3
20160205131322;64cdc047;5
20160205131426;80a6b337;3
20160205131628;80a6b337;3
20160205135741;bc99248a;5
20160205140217;f31c6b62;5
20160205140357;c304ab1;5
20160205141532;33284ab1;5
20160205143247;a6cff4f;5
20160205143403;a6cff4f;5
20160205143541;54d0c447;4
20160205143704;7bd7ca1;5
20160205145506;0a8b337;3
20160205145532;0a8b337;3
20160205145752;24abc147;2
20160205153459;d3d44db1;3
20160205153619;945cc147;2
20160205154626;c304ab1;5
20160205155025;33284ab1;5
20160205160252;f31c6b62;5
20160205171306;f31c6b62;5
20160205181840;f31c6b62;5
20160205181906;f31c6b62;5
20160205210333;a6cff4f;5
20160206112716;c304ab1;5
20160206122633;33284ab1;5
20160206160912;f31c6b62;5
20160206165307;a6cff4f;5
20160206165431;a6cff4f;5
20160206165913;f31c6b62;5
20160206182433;d3d44db1;3
20160206221911;a6cff4f;5
20160206225007;807d9c1e;5
20160206234653;a6cff4f;5
20160207084545;807d9c1e;5
20160207093747;807d9c1e;5
20160207101301;807d9c1e;5
20160207103645;807d9c1e;5
20160207112107;807d9c1e;5
20160207120743;807d9c1e;5
20160207122916;f31c6b62;5
20160207130124;807d9c1e;5
20160207135815;807d9c1e;5
20160207145921;f31c6b62;5
20160207145946;f31c6b62;5
20160207155721;f31c6b62;5
20160207163323;f31c6b62;5
20160207171458;807d9c1e;5
20160207192802;807d9c1e;5
20160208072600;f31c6b62;5
20160208082246;f31c6b62;5
20160208084603;0a8b337;3
20160208084927;8471c447;2
20160208085106;8471c447;2
20160208085201;9073b637;5
20160208085323;807d9c1e;5
20160208091123;0a8b337;3
20160208091504;502ab737;5
20160208091819;d3e46a62;5
20160208091922;64cdc047;5
20160208092841;e071b537;3
20160208093728;c304ab1;5
20160208094101;94d4c247;2
20160208095336;807d9c1e;5
20160208100612;d3e46a62;5
20160208101454;1bcac9a1;3
20160208101557;2473381;3
20160208102518;144fbf47;2
20160208102615;144fbf47;1
20160208103639;80a6b337;3
20160208104354;10d99a1e;3
20160208104932;8471c447;2
20160208105034;94d4c247;1
20160208105601;13d86a62;5
20160208110542;945cc147;2
20160208110636;c304ab1;5
20160208110744;64cdc047;5
20160208110842;64cdc047;5
20160208110946;64cdc047;5
20160208111012;64cdc047;5
20160208111115;ooooo2;3
20160208111328;24abc147;2
20160208111447;945cc147;2
20160208111544;d3d44db1;3
20160208113409;33284ab1;5
20160208113531;e49bbf47;3
20160208115411;c304ab1;5
20160208115758;807d9c1e;5
20160208115904;807d9c1e;5
20160208120736;8471c447;2
20160208120900;8471c447;2
20160208121002;8471c447;3
20160208121059;8471c447;3
20160208122701;bc99248a;5
20160208124419;33284ab1;5
20160208124531;9073b637;5
20160208125714;0a8b337;3
20160208130138;f31c6b62;5
20160208130258;7bd7ca1;5
20160208130334;7bd7ca1;5
20160208130459;c304ab1;5
20160208130800;807d9c1e;5
20160208133329;502ab737;5
20160208133714;94d4c247;1
20160208140411;f31c6b62;5
20160208141231;33284ab1;5
20160208142704;d3d44db1;3
20160208142843;bc99248a;5
20160208143000;10d99a1e;3
20160208144650;54d0c447;3
20160208145415;8471c447;2
20160208145740;f31c6b62;5
20160208150138;e071b537;3
20160208152217;7bd7ca1;5
20160208152500;33284ab1;5
20160208152615;94b6c147;4
20160208152903;64cdc047;5
20160208153050;80a6b337;3
20160208153929;807d9c1e;5
20160208160542;e3aa6a62;2
20160208161026;807d9c1e;5
20160208163518;f31c6b62;5
20160208183734;807d9c1e;5
20160209082330;0a8b337;3
20160209082717;94d4c247;1
20160209083227;c31c6b62;3
20160209085606;807d9c1e;5
20160209090123;d3e46a62;5
20160209090458;8471c447;2
20160209090557;8471c447;2
20160209090647;33284ab1;5
20160209091028;9073b637;5
20160209091252;f31c6b62;5
20160209091925;80a6b337;3
20160209093009;502ab737;5
20160209093734;c304ab1;5
20160209093846;64cdc047;5
20160209093956;144fbf47;2
20160209094058;ooooo2;3
20160209094201;807d9c1e;5
20160209094258;f31c6b62;5
20160209094327;f31c6b62;5
20160209094430;33284ab1;5
20160209094549;2473381;3
20160209101603;1bcac9a1;3
20160209101737;e3aa6a62;2
20160209102232;8471c447;2
20160209104011;24abc147;2
20160209104104;40d0b637;2
20160209104201;945cc147;2
20160209105003;e071b537;5
20160209105645;4094a61e;1
20160209105730;c304ab1;5
20160209105836;c304ab1;5
20160209110212;54d0c447;3
20160209110647;807d9c1e;5
20160209113429;64cdc047;5
20160209113531;c304ab1;5
20160209115728;24abc147;5
20160209125915;40c8b237;5
20160209130346;0a8b337;3
20160209130819;64cdc047;5
20160209130920;64cdc047;3
20160209131024;502ab737;5
20160209131249;bc99248a;5
20160209131753;e071b537;5
20160209131815;e071b537;5
20160209132112;c304ab1;5
20160209133414;807d9c1e;5
20160209133752;e49bbf47;4
20160209134042;c0ba81e;4
20160209134730;144fbf47;2
20160209142139;94d4c247;1
20160209142229;33284ab1;5
20160209142848;8471c447;2
20160209142948;8471c447;2
20160209143116;9073b637;5
20160209145751;33284ab1;5
20160209150823;e3aa6a62;5
20160209154041;f31c6b62;5
20160209155254;807d9c1e;5
20160209155532;64cdc047;5
20160209163002;f31c6b62;5
20160209165130;33284ab1;5
20160209171958;807d9c1e;5
20160209190453;807d9c1e;5
20160209211651;807d9c1e;1
20160209211715;807d9c1e;2
20160210072814;f31c6b62;5
20160210080557;0a8b337;3
20160210081022;f31c6b62;5
20160210081327;80a6b337;3
20160210084330;f31c6b62;5
20160210084658;fb7caa1;2
20160210084802;fb7caa1;2
20160210084927;9073b637;5
20160210085019;33284ab1;5
20160210090012;94d4c247;1
20160210091846;80a6b337;3
20160210091949;d3e46a62;5
20160210092058;144fbf47;2
20160210092419;bc99248a;5
20160210092529;33284ab1;5
20160210092649;502ab737;5
20160210092821;1bcac9a1;4
20160210093033;9073b637;5
20160210093529;0a8b337;3
20160210094431;945cc147;2
20160210094614;f31c6b62;5
20160210095214;d3e46a62;5
20160210095323;d3e46a62;5
20160210095727;d3e46a62;2
20160210100143;e3aa6a62;5
20160210100318;e49bbf47;3
20160210100352;e49bbf47;3
20160210100523;e49bbf47;3
20160210101001;10d99a1e;3
20160210101500;33284ab1;5
20160210101631;8471c447;2
20160210101744;94d4c247;1
20160210103851;945cc147;2
20160210103948;945cc147;3
20160210104226;40d0b637;2
20160210104332;40d0b637;2
20160210104419;40d0b637;2
20160210110527;144fbf47;2
20160210110654;308cb337;3
20160210112502;d3d44db1;3
20160210114111;f31c6b62;5
20160210120554;d3d44db1;3
20160210122333;c0ba81e;4
20160210124224;0a8b337;3
20160210124340;e071b537;5
20160210124515;94d4c247;1
20160210124614;33284ab1;5
20160210124734;502ab737;5
20160210124843;fb7caa1;2
20160210125533;80a6b337;3
20160210130127;bc99248a;5
20160210131009;f31c6b62;5
20160210132418;f31c6b62;5
20160210132741;54d0c447;3
20160210133341;d3d44db1;3
20160210133453;33284ab1;5
20160210133746;40c8b237;5
20160210133813;40c8b237;5
20160210134410;208b437;5
20160210135451;10d99a1e;3
20160210142044;c304ab1;5
20160210142711;1bcac9a1;3
20160210142943;8471c447;2
20160210143610;f31c6b62;5
20160210145516;7bd7ca1;5
20160210145630;33284ab1;5
20160210145829;c304ab1;5
20160210150830;f31c6b62;5
20160210151537;144fbf47;2
20160210153926;2473381;1
20160210154031;2473381;1
20160210155329;33284ab1;5
20160210160018;c304ab1;5
20160210160136;c304ab1;3
20160210160311;d3d44db1;3
20160210163211;33284ab1;5
20160210164057;c0ba81e;4
20160210164232;f31c6b62;5
20160210165435;144fbf47;1
20160210165521;144fbf47;1
20160210171014;47abf47;3
20160210172421;7bd7ca1;5
20160210182643;d3d44db1;3
20160211074434;0a8b337;3
20160211075910;33284ab1;5
20160211080132;9073b637;5
20160211082453;33284ab1;5
20160211082609;502ab737;5
20160211082719;9073b637;5
20160211083713;c31c6b62;3
20160211091357;807d9c1e;5
20160211093137;e49bbf47;3
20160211093241;144fbf47;2
20160211093358;33284ab1;5
20160211093523;40d0b637;2
20160211094406;e071b537;5
20160211094959;c304ab1;5
20160211095323;80a6b337;3
20160211095443;80a6b337;3
20160211095817;4094a61e;1
20160211100248;144fbf47;2
20160211101111;945cc147;2
20160211102225;807d9c1e;5
20160211102403;f31c6b62;5
20160211102805;1bcac9a1;3
20160211102848;1bcac9a1;3
20160211103000;0a8b337;3
20160211104123;f31c6b62;5
20160211104227;807d9c1e;5
20160211104330;c304ab1;5
20160211111933;64cdc047;5
20160211112410;a447bf47;5
20160211112455;f31c6b62;5
20160211112604;24abc147;2
20160211113104;807d9c1e;5
20160211113207;9eb0f168;2
20160211121341;e3aa6a62;2
20160211121410;e3aa6a62;2
20160211122533;e071b537;3
20160211122716;4094a61e;1
20160211122811;4094a61e;3
20160211124236;2473381;3
20160211124344;807d9c1e;5
20160211124557;f31c6b62;5
20160211124745;c304ab1;5
20160211125217;c31c6b62;3
20160211125844;33284ab1;5
20160211130230;54d0c447;4
20160211130554;502ab737;5
20160211131013;24abc147;2
20160211131106;40d0b637;2
20160211131221;945cc147;1
20160211131303;ooooo2;2
20160211131408;ooooo2;3
20160211132210;0a8b337;3
20160211132317;fb7caa1;2
20160211132435;8471c447;2
20160211132620;bc99248a;5
20160211132731;bc99248a;5
20160211133026;13d86a62;5
20160211133132;64cdc047;5
20160211140707;f31c6b62;5
20160211141209;c304ab1;5
20160211141320;64cdc047;5
20160211144212;f31c6b62;5
20160211145251;9073b637;5
20160211150925;40c8b237;5
20160211152255;64cdc047;5
20160211153815;80a6b337;3
20160211153917;80a6b337;3
20160211154014;33284ab1;5
20160211154140;d3d44db1;3
20160211154256;807d9c1e;5
20160211155302;c304ab1;5
20160211160427;a447bf47;5
20160211160848;e3aa6a62;2
20160211162655;f31c6b62;5
20160211163455;33284ab1;5
20160211170348;64cdc047;5
20160211171724;807d9c1e;5
20160211171839;f31c6b62;5
20160211182316;807d9c1e;5
20160211185416;807d9c1e;5
20160211212454;807d9c1e;5
20160212075414;0a8b337;3
20160212081830;33284ab1;5
20160212082950;fb7caa1;2
20160212084238;33284ab1;5
20160212084356;9073b637;5
20160212084507;c31c6b62;3
20160212084623;0a8b337;3
20160212085732;94d4c247;1
20160212092332;807d9c1e;5
20160212093213;502ab737;5
20160212093946;fb7caa1;2
20160212094039;8471c447;2
20160212094500;e071b537;3
20160212095727;c304ab1;5
20160212095857;54d0c447;4
20160212100143;2473381;3
20160212100251;94d4c247;1
20160212101234;40d0b637;2
20160212101541;1bcac9a1;4
20160212102405;e3aa6a62;2
20160212103422;945cc147;2
20160212104131;e071b537;3
20160212104233;d3e46a62;5
20160212104343;80a6b337;3
20160212105857;24abc147;2
20160212105949;40d0b637;2
20160212110354;e49bbf47;3
20160212111834;807d9c1e;5
20160212114054;807d9c1e;5
20160212114238;f31c6b62;5
20160212114345;c304ab1;5
20160212114417;c304ab1;5
20160212114557;0a8b337;3
20160212115306;208b437;5
20160212125035;502ab737;5
20160212125140;33284ab1;5
20160212125301;c304ab1;5
20160212130408;fb7caa1;2
20160212130501;8471c447;2
20160212130823;0a8b337;3
20160212131618;807d9c1e;5
20160212134052;d3d44db1;3
20160212134224;807d9c1e;5
20160212134521;ooooo2;4
20160212134641;945cc147;2
20160212134744;40d0b637;2
20160212134904;e3aa6a62;2
20160212134959;e3aa6a62;2
20160212135105;94b6c147;4
20160212135230;94b6c147;1
20160212135354;24abc147;5
20160212135433;24abc147;1
20160212135501;24abc147;1
20160212140748;c304ab1;5
20160212141601;f31c6b62;5
20160212143258;33284ab1;5
20160212143431;7bd7ca1;5
20160212145746;9073b637;5
20160212151544;807d9c1e;5
20160212152529;f31c6b62;5
20160212152624;f31c6b62;5
20160212160623;8471c447;2
20160212160859;54d0c447;3
20160212162421;d3d44db1;3
20160212162548;c304ab1;5
20160212163348;f31c6b62;5
20160212173928;7bd7ca1;5
20160212195045;33284ab1;5
20160213151745;f31c6b62;5
20160214143047;f31c6b62;5
19700101035307;f31c6b62;5
19700101035328;f31c6b62;5
19700101182502;f31c6b62;5
19700101185022;c31c6b62;3
19700101185126;33284ab1;5
19700101185303;f31c6b62;5
19700101190149;0a8b337;3
19700101190340;f31c6b62;5
19700101190436;33284ab1;5
19700101190723;fb7caa1;2
19700101190846;8471c447;2
19700101190947;9073b637;5
19700101191833;80a6b337;3
19700101191941;80a6b337;3
19700101193833;d3e46a62;5
19700101194802;144fbf47;2
19700101194839;144fbf47;2
19700101194943;144fbf47;3
19700101195055;bc99248a;5
19700101195600;502ab737;5
19700101200241;0a8b337;3
19700101200914;f3146b62;2
19700101201839;33284ab1;5
19700101202151;e49bbf47;3
19700101202300;64cdc047;5
19700101202406;c304ab1;5
19700101202607;e071b537;3
19700101202712;d3e46a62;5
19700101203248;144fbf47;2
19700101203616;1bcac9a1;4
19700101204802;10d99a1e;3
19700101204909;945cc147;2
19700101205144;e3aa6a62;5
19700101205347;c304ab1;5
19700101205710;b4d2c447;4
19700101210000;13d86a62;5
19700101210413;40d0b637;2
19700101210924;54d0c447;3
19700101212932;33284ab1;5
19700101213145;33284ab1;5
19700101213305;24abc147;2
19700101212005;64cdc047;5
19700101212111;c304ab1;5
19700101212229;f31c6b62;5
19700101215357;40d0b637;2
19700101215542;fb7caa1;2
19700101220532;d3d44db1;3
19700101220758;ooooo2;4
19700101222409;b4d2c447;4
19700101222730;64cdc047;5
19700101222937;7a1798b3;3
19700101224420;0a8b337;3
19700101224726;c304ab1;5
19700101225012;a6cff4f;5
19700101225146;f31c6b62;5
19700101225712;e071b537;3
19700101225826;b3976a62;5
19700101230147;13d86a62;5
19700101230302;33284ab1;5
19700101230418;502ab737;5
19700101233931;c31c6b62;3
19700101234321;144fbf47;2
19700101234421;f31c6b62;5
19700101235805;208b437;5
19700102001549;bc99248a;5
19700102001713;24abc147;2
19700102002115;c304ab1;5
19700102002414;40d0b637;2
19700102002610;a6cff4f;5
19700102002726;f31c6b62;5
19700102003151;fb7caa1;2
19700102003248;8471c447;2
19700102003409;64cdc047;5
19700102003515;80a6b337;3
19700102004155;0a8b337;3
19700102005101;d3d44db1;3
19700102010556;10d99a1e;3
19700102011802;e071b537;3
19700102011908;e3aa6a62;5
19700102011958;e3aa6a62;2
19700102014042;40d0b637;2
19700102014256;40d0b637;1
19700102014944;9073b637;5
19700102015053;33284ab1;5
19700102015210;502ab737;1
19700102022144;d3d44db1;3
19700102024103;f31c6b62;5
19700102032220;c304ab1;5
19700102032936;33284ab1;5
19700102180345;f31c6b62;5
19700102182016;9073b637;5
19700102182111;33284ab1;4
19700102183356;80a6b337;3
19700102183510;e071b537;5
19700102183621;c31c6b62;3
19700102183702;c31c6b62;3
19700102184939;f31c6b62;5
19700102191522;7a1798b3;3
19700102191643;f31c6b62;5
19700102192020;1bcac9a1;4
19700102192143;33284ab1;5
19700102192259;bc99248a;5
19700102192656;144fbf47;2
19700102193010;502ab737;5
19700102193546;d3e46a62;5
19700102193720;2473381;3
19700102193843;e071b537;3
19700102200713;144fbf47;2
19700102201208;945cc147;2
19700102201322;9eb0f168;1
19700102201903;c304ab1;3
19700102201926;c304ab1;3
19700102202017;33284ab1;5
19700102202043;33284ab1;5
19700102202627;54d0c447;3
19700102210239;e3aa6a62;2
19700102210346;40d0b637;2
19700102210442;945cc147;2
19700102210855;9073b637;5
19700102210947;33284ab1;2
19700102211044;945cc147;1
19700102215535;b4d2c447;4
19700102215657;9eb0f168;3
19700102215723;9eb0f168;3
19700102215755;9eb0f168;3
19700102220331;c304ab1;5
19700102224503;e071b537;3
19700102224609;7a1798b3;3
19700102224715;0a8b337;3
19700102224818;f3146b62;2
19700102230903;144fbf47;2
19700102231040;502ab737;5
19700102231145;33284ab1;5
19700102231220;33284ab1;5
19700102231339;9073b637;5
19700102233625;bc99248a;5
19700102233740;bc99248a;5
19700102233853;c304ab1;5
19700103001839;b3976a62;5
19700103002048;33284ab1;5
19700103002202;c304ab1;5
19700103003151;f31c6b62;5
19700103003625;24abc147;2
19700103003730;a447bf47;5
19700103004634;f31c6b62;5
20160216150243;24abc147;2
20160216150334;a447bf47;5
20160216150445;ooooo2;5
20160216150608;945cc147;1
20160216150732;40d0b637;2
20160216150825;e3aa6a62;2
20160216151844;c304ab1;5
20160216152557;f31c6b62;5
20160216154342;33284ab1;5
20160216163225;f31c6b62;5
20160216165752;33284ab1;5
20160216170540;144fbf47;2
20160216181146;c304ab1;5
20160216190320;33284ab1;5
20160217082745;33284ab1;5
20160217083309;c31c6b62;3
20160217083918;0a8b337;3
20160217084055;fb7caa1;2
20160217084209;8471c447;2
20160217084308;9073b637;5
20160217084419;80a6b337;3
20160217085930;1bcac9a1;4
20160217090502;502ab737;5
20160217090620;0a8b337;3
20160217092516;8471c447;2
20160217094305;9073b637;5
20160217094404;33284ab1;5
20160217095011;64cdc047;5
20160217100532;e49bbf47;3
20160217100914;c304ab1;5
20160217101021;10d99a1e;3
20160217101149;945cc147;2
20160217101236;e3aa6a62;2
20160217101258;e3aa6a62;2
20160217101726;2473381;3
20160217101911;0a8b337;3
20160217102633;144fbf47;2
20160217102936;33284ab1;5
20160217104214;f31c6b62;5
20160217104835;144fbf47;2
20160217110016;aa4dc0b3;3
20160217111250;f31c6b62;5
20160217112659;fb7caa1;2
20160217112751;8471c447;2
20160217114030;144fbf47;2
20160217114247;c304ab1;5
20160217114402;13d86a62;5
20160217114511;f31c6b62;5
20160217115658;47abf47;3
20160217122050;64cdc047;5
20160217123051;40c8b237;5
20160217123705;bc99248a;5
20160217124304;0a8b337;3
20160217124706;2473381;3
20160217124808;80a6b337;3
20160217125057;c304ab1;5
20160217125338;54d0c447;3
20160217125500;502ab737;5
20160217125645;33284ab1;5
20160217130108;aa4dc0b3;4
20160217130400;f31c6b62;5
20160217131439;40c8b237;5
20160217131511;40c8b237;5
20160217132230;b3976a62;5
20160217132413;e3aa6a62;2
20160217132532;c31c6b62;3
20160217133754;d3d44db1;3
20160217133944;9eb0f168;1
20160217134032;9eb0f168;3
20160217141020;13d86a62;5
20160217141449;9073b637;5
20160217141622;33284ab1;5
20160217141748;f31c6b62;5
20160217142109;ooooo2;5
20160217142805;c304ab1;5
20160217142948;64cdc047;5
20160217143442;54d0c447;4
20160217144057;144fbf47;4
20160217144605;a6cff4f;5
20160217145301;80a6b337;3
20160217145536;64cdc047;5
20160217151505;bc99248a;5
20160217152707;1bcac9a1;3
20160217160101;10d99a1e;3
20160217160208;33284ab1;5
20160217160417;a6cff4f;5
20160217160546;d3d44db1;3
20160217160650;f31c6b62;5
20160217161648;c304ab1;5
20160217164338;64cdc047;5
20160217164438;c304ab1;5
20160217172231;33284ab1;5
20160217193858;a6cff4f;5
20160217200110;807d9c1e;5
20160217200131;807d9c1e;5
20160217201408;807d9c1e;5
20160217211259;807d9c1e;5
20160218004434;807d9c1e;5
20160218015512;807d9c1e;5
20160218045938;807d9c1e;5
20160218071915;807d9c1e;5
20160218082250;807d9c1e;5
20160218082547;b3976a62;5
20160218083526;33284ab1;5
20160218083710;c31c6b62;3
20160218083826;9073b637;5
20160218083924;8471c447;2
20160218084030;fb7caa1;2
20160218084556;0a8b337;3
20160218091625;33284ab1;5
20160218092248;aa4dc0b3;4
20160218092448;807d9c1e;5
20160218092642;bc99248a;5
20160218093223;502ab737;5
20160218093349;144fbf47;2
20160218094359;54d0c447;3
20160218094519;d3e46a62;5
20160218094739;0a8b337;3
20160218095046;64cdc047;5
20160218101531;13d86a62;5
20160218102246;e49bbf47;3
20160218102543;144fbf47;2
20160218103525;945cc147;2
20160218103626;a6cff4f;5
20160218104210;9073b637;5
20160218104941;64cdc047;5
20160218110849;33284ab1;5
20160218110921;33284ab1;5
20160218111050;33284ab1;3
20160218111153;aa4dc0b3;4
20160218111320;13d86a62;5
20160218111417;f31c6b62;5
20160218111803;e3aa6a62;2
20160218113729;fb7caa1;2
20160218113822;8471c447;2
20160218115906;807d9c1e;5
20160218120805;0a8b337;3
20160218123621;f31c6b62;5
20160218123748;f31c6b62;3
20160218125142;47abf47;3
20160218130418;c304ab1;5
20160218131238;9eb0f168;2
20160218131340;9eb0f168;1
20160218131959;ooooo2;5
20160218132138;c304ab1;3
20160218133159;aa4dc0b3;4
20160218133422;e3aa6a62;2
20160218133443;e3aa6a62;2
20160218133547;f31c6b62;5
20160218133614;f31c6b62;5
20160218135248;a6cff4f;5
20160218135739;33284ab1;5
20160218135906;9073b637;5
20160218140114;2473381;1
20160218140314;208b437;5
20160218140421;d3e46a62;5
20160218140644;47abf47;3
20160218141332;c304ab1;5
20160218142955;d3d44db1;3
20160218143322;64cdc047;5
20160218143428;945cc147;2
20160218143643;144fbf47;2
20160218144043;0a8b337;3
20160218145710;bc99248a;5
                          20160218155035;c304ab1;5
20160218155136;c304ab1;3
20160218155234;c304ab1;5
20160218160014;33284ab1;5
20160218162837;d3d44db1;3
20160218163324;54d0c447;4
20160218164553;8471c447;2
20160218172508;33284ab1;5
20160218174231;c304ab1;5
20160218235145;807d9c1e;5
20160218235230;807d9c1e;5
                          20160219072338;807d9c1e;5
20160219082148;b3976a62;5
20160219083448;8471c447;2
20160219083718;33284ab1;5
20160219083918;9073b637;5
20160219084520;807d9c1e;5
20160219084813;0a8b337;3
20160219090349;aa4dc0b3;4
20160219090832;33284ab1;5
20160219092233;64cdc047;5
20160219092530;807d9c1e;5
20160219094019;502ab737;5
20160219094613;8471c447;2
20160219094716;33284ab1;5
20160219094835;144fbf47;2
20160219094936;945cc147;2
20160219095200;aa4dc0b3;4
20160219095818;e49bbf47;3
20160219095928;9eb0f168;1
20160219101249;80a6b337;3
20160219101449;d3e46a62;5
20160219101620;fb7caa1;2
20160219102648;0a8b337;3
20160219103912;54d0c447;4
20160219104354;e3aa6a62;5
20160219105104;9073b637;5
20160219105536;807d9c1e;5
20160219105646;144fbf47;2
20160219113411;40c8b237;5
20160219113924;c304ab1;5
20160219114034;c304ab1;5
20160219114706;e3aa6a62;2
20160219120520;bc99248a;5
20160219120729;a6cff4f;5
20160219121251;8471c447;2
20160219121403;fb7caa1;2
20160219121530;47abf47;3
20160219122213;7a1798b3;3
20160219123055;c304ab1;5
20160219123545;80a6b337;3
20160219124627;33284ab1;5
20160219124803;502ab737;5
20160219125845;f31c6b62;5
20160219130009;0a8b337;3
20160219131756;c304ab1;5
20160219131930;b4d2c447;4
20160219132117;47abf47;3
20160219132639;e3aa6a62;2
20160219133455;a447bf47;5
20160219133554;33284ab1;5
20160219134823;807d9c1e;3
20160219134946;73314eb1;5
20160219135550;bc99248a;5
20160219135707;40c8b237;5
20160219135824;144fbf47;2
20160219142541;47abf47;3
20160219143626;f31c6b62;5
20160219150237;fb7caa1;5
20160219150342;8471c447;2
20160219150942;73314eb1;5
20160219151105;73314eb1;5
20160219151213;0a8b337;3
20160219151315;9073b637;5
20160219151347;9073b637;5
20160219154936;47abf47;3
20160219155035;33284ab1;5
20160219160736;807d9c1e;5
20160219161852;d3d44db1;3
20160219162007;c304ab1;5
20160219162159;2473381;5
20160219165611;a447bf47;5
20160219165611;a447bf47;5
20160220025348;c304ab1;5
20160220025348;c304ab1;5
20160220025454;c304ab1;5
20160220025454;c304ab1;5
20160220025553;c304ab1;5
20160220025553;c304ab1;5
20160220025708;c304ab1;5
20160220025708;c304ab1;5
20160220025808;c304ab1;5
20160220121611;144fbf47;2
20160220121611;144fbf47;2
20160220121851;8471c447;1
20160220121851;8471c447;1
20160221131805;33284ab1;5
20160221131805;33284ab1;5
20160221134611;33284ab1;5
20160221143005;33284ab1;5
20160221151544;33284ab1;5
20160221162716;33284ab1;5
20160222082724;33284ab1;5
20160222083940;8471c447;2
20160222083940;8471c447;2
20160222084234;8471c447;2
20160222085841;33284ab1;5
20160222090117;d3e46a62;5
20160222090221;80a6b337;3
20160222090248;d3e46a62;3
20160222090414;bc99248a;5
20160222091841;502ab737;5
20160222091951;33284ab1;5
20160222092110;807d9c1e;5
20160222092312;b3976a62;5
20160222092901;7a1798b3;3
20160222093026;0a8b337;3
20160222093200;208b437;5
20160222093326;144fbf47;2
20160222094817;807d9c1e;5
20160222094922;807d9c1e;5
20160222095135;64cdc047;5
20160222095452;13d86a62;5
20160222100311;945cc147;2
20160222101015;e071b537;3
20160222101015;e071b537;3
20160222101118;807d9c1e;5
20160222101118;807d9c1e;5
20160222101239;c304ab1;5
20160222101427;144fbf47;2
20160222101623;80a6b337;3
20160222101722;80a6b337;3
20160222101909;80a6b337;3
20160222102705;0a8b337;3
20160222103430;10d99a1e;3
20160222104155;807d9c1e;5
20160222104800;e071b537;3
20160222105010;d3e46a62;5
20160222105226;c304ab1;5
20160222105651;33284ab1;5
20160222110232;24abc147;2
20160222110351;e3aa6a62;2
20160222111340;144fbf47;2
20160222111607;2473381;5
20160222112437;d3d44db1;3
20160222113339;bc99248a;5
20160222113339;bc99248a;5
20160222171658;a447bf47;3
20160222171658;a447bf47;3
20160222171758;a447bf47;3
20160222173821;d3d44db1;3
20160222185335;33284ab1;5
20160222185335;33284ab1;5
20160222185348;33284ab1;5
20160222203837;807d9c1e;5
20160222203837;807d9c1e;5
20160223081826;33284ab1;5
20160223081806;9073b637;5
20160223081806;9073b637;5
20160223082417;0a8b337;3
20160223082417;0a8b337;3
20160223082606;d3e46a62;5
20160223082818;8471c447;2
20160223082919;8471c447;2
20160223083758;c31c6b62;3
20160223084130;7a1798b3;3
20160223084131;7a1798b3;3
20160223085023;d3e46a62;5
20160223085150;33284ab1;5
20160223085316;e071b537;3
20160223085317;e071b537;3
20160223085950;0a8b337;3
20160223090353;807d9c1e;5
20160223090648;53254fb1;4
20160223090831;80a6b337;3
20160223091157;b3976a62;5
20160223092723;33284ab1;3
20160223092825;33284ab1;5
20160223093028;144fbf47;2
20160223093826;208b437;5
20160223094006;ooooo2;5
20160223100023;f3146b62;2
20160223091732;144fbf47;2
20160223091732;144fbf47;2
20160223091816;e49bbf47;3
20160223091816;e49bbf47;3
20160223101114;945cc147;2
20160223101250;33284ab1;5
20160223101403;c304ab1;5
20160223101510;fb7caa1;2
20160223102449;94d4c247;1
20160223103746;807d9c1e;5
20160223103928;e071b537;3
20160223104033;80a6b337;3
20160223111228;33284ab1;5
20160223112531;e3aa6a62;2
20160223112657;e3aa6a62;2
20160223112834;c304ab1;5
20160223120229;807d9c1e;5
20160223120546;c304ab1;5
20160223122400;0a8b337;3
20160223124809;c304ab1;5
20160223125250;d3b54eb1;3
20160223125646;d3e46a62;3
20160223125746;d3e46a62;5
20160223130034;144fbf47;2
20160223130143;807d9c1e;5
20160223130253;a447bf47;5
20160223130341;73314eb1;5
20160223130348;73314eb1;5
20160223130416;73314eb1;5
20160223130503;502ab737;5
20160223132416;40c8b237;5
20160223133125;ooooo2;1
20160223133208;ooooo2;5
20160223133317;945cc147;2
20160223133520;e071b537;3
20160223134515;40d0b637;2
20160223135159;e3aa6a62;2
20160223135314;94d4c247;1
20160223135436;33284ab1;5
20160223135733;0a8b337;3
20160223141205;fb7caa1;2
20160223141357;8471c447;2
20160223141505;9073b637;5
20160223142033;a447bf47;5
20160223142133;24abc147;2
20160223142229;24abc147;1
20160223143900;a447bf47;1
20160223144103;144fbf47;2
20160223145253;33284ab1;5
20160223145748;d3d44db1;3
20160223152908;c304ab1;5
20160223154448;73314eb1;5
20160223154615;73314eb1;5
20160223154711;73314eb1;5
20160223155413;807d9c1e;5
20160223155524;80a6b337;3
20160223155838;e071b537;3
20160223164446;502ab737;2
20160223164446;502ab737;2
20160223164544;c304ab1;5
20160223164926;d3d44db1;3
20160223171240;33284ab1;5
20160223174811;40d0b637;2
20160223181055;807d9c1e;5
20160223184633;807d9c1e;5
20160223185419;d3d44db1;3
20160223192512;807d9c1e;5
20160223221200;807d9c1e;5
20160223221200;807d9c1e;5
20160224075613;0a8b337;3
20160224082600;80a6b337;3
20160224082600;80a6b337;3
20160224082936;d3e46a62;5
20160224083744;33284ab1;5
20160224085824;0a8b337;3
20160224090224;33284ab1;5
20160224090701;807d9c1e;5
20160224090701;807d9c1e;5
20160224091603;13d86a62;5
20160224091905;b3976a62;5
20160224092012;945cc147;2
20160224092951;e071b537;3
20160224093118;807d9c1e;5
20160224093219;64cdc047;5
20160224093341;e3aa6a62;2
20160224094014;208b437;5
20160224094521;144fbf47;2
20160224095202;33284ab1;5
20160224095337;2473381;5
20160224095454;c304ab1;5
20160224100131;f3146b62;2
20160224100544;40d0b637;2
20160224101020;807d9c1e;5
20160224101257;73314eb1;5
20160224101400;94d4c247;2
20160224101949;e49bbf47;3
20160224102740;7bd7ca1;5
20160224103356;24abc147;1
20160224103830;c304ab1;5
20160224104506;144fbf47;2
20160224104550;144fbf47;2
20160224104838;24abc147;2
20160224104924;24abc147;2
20160224104944;24abc147;1
20160224105242;33284ab1;5
20160224105807;24abc147;2
20160224105836;24abc147;2
20160224110140;24abc147;2
20160224110312;24abc147;2
20160224110713;24abc147;2
20160224110732;24abc147;2
20160224111610;24abc147;1
20160224113020;10d99a1e;3
20160224122810;40c8b237;5
20160224122928;c304ab1;5
20160224123032;0a8b337;3
20160224124042;807d9c1e;5
20160224125442;7bd7ca1;5
20160224130832;33284ab1;5
20160224131058;2473381;5
20160224131158;144fbf47;2
20160224131950;94d4c247;2
20160224133008;8471c447;2
20160224134406;40d0b637;2
20160224135036;8471c447;2
20160224135158;d3d44db1;3
20160224135402;d3d44db1;3
20160224141658;bc99248a;5
20160224141808;ooooo2;5
20160224142219;bc99248a;5
20160224142327;bc99248a;5
20160224142436;bc99248a;5
20160224142548;bc99248a;5
20160224143003;a6cff4f;5
20160224143344;d3d44db1;3
20160224150601;53254fb1;4
20160224150718;c304ab1;5
20160224150825;73314eb1;5
20160224150922;0a8b337;3
20160224152649;33284ab1;5
20160224152819;144fbf47;2
20160224154135;e071b537;3
20160224154210;e071b537;3
20160224155833;a6cff4f;5
20160224160021;13b049b1;5
20160224164139;d3d44db1;3
20160224165728;f3146b62;2
20160224165858;f3146b62;4
                          20160225063233;9073b637;5
20160225063233;9073b637;5
20160225080714;9073b637;5
20160225080821;33284ab1;5
20160225081805;1bcac9a1;4
20160225083044;c31c6b62;3
20160225083628;d3e46a62;5
20160225083849;fb7caa1;2
20160225085248;0a8b337;3
20160225085353;33284ab1;5
20160225090050;80a6b337;3
20160225090203;bc99248a;5
20160225090238;bc99248a;5
20160225091112;0a8b337;3
20160225092004;144fbf47;2
20160225093059;502ab737;5
20160225093207;33284ab1;5
20160225093339;208b437;5
20160225093456;807d9c1e;5
20160225093604;9073b637;5
20160225095233;2473381;5
20160225095522;e3aa6a62;2
20160225100046;ooooo2;5
20160225100234;c304ab1;5
                          20160225101538;33284ab1;5
20160225101538;33284ab1;5
20160225101739;94d4c247;1
20160225102538;9eb0f168;1
20160225102917;e49bbf47;3
20160225103052;e49bbf47;3
20160225104356;fb7caa1;2
20160225104535;fb7caa1;2
20160225104629;c304ab1;5
20160225105251;73314eb1;5
20160225105251;73314eb1;5
20160225112531;a447bf47;5
20160225112531;a447bf47;5
20160225134045;0a8b337;3
20160225134420;807d9c1e;5
20160225143950;144fbf47;2
20160225145008;24abc147;2
20160225145640;bc99248a;5
20160225145640;bc99248a;5
20160225154617;d3d44db1;3
20160225154617;d3d44db1;3
20160225160409;13d86a62;5
20160225165159;807d9c1e;5
20160225165159;807d9c1e;5
20160226070738;9073b637;5
20160226070738;9073b637;5
20160226101857;d3e46a62;5
20160226101857;d3e46a62;5
20160226103036;0a8b337;3
20160226103036;0a8b337;3
20160226112102;e3aa6a62;2
20160226112102;e3aa6a62;2
20160226112514;64cdc047;5
20160226112514;64cdc047;5
20160226112758;d3e46a62;2
20160226112758;d3e46a62;2
20160226123820;c304ab1;5
20160226123927;0a8b337;3
20160226131929;208b437;5
20160226131929;208b437;5
20160226132118;64cdc047;5
20160226132222;80a6b337;3
20160226133452;e3aa6a62;2
20160226133636;ooooo2;5
20160226143654;53254fb1;4
20160226144723;f3146b62;2
20160226144933;f3146b62;2
20160226145421;9eb0f168;1
20160226150140;40d0b637;2
20160226150640;0a8b337;3
20160226151651;33284ab1;5
20160226162439;e3aa6a62;2
20160226165901;73314eb1;5
20160226165953;73314eb1;5
20160226171803;a6cff4f;5
20160226171803;a6cff4f;5
20160227125345;73314eb1;5
20160227125345;73314eb1;5
20160229082605;33284ab1;5
20160229082605;33284ab1;5
20160229082901;0a8b337;3
20160229084910;33284ab1;5
20160229085026;8471c447;2
20160229085117;8471c447;2
20160229085220;d3e46a62;5
20160229085420;7a1798b3;3
20160229085525;807d9c1e;5
20160229090417;208b437;5
20160229090757;80a6b337;3
20160229091223;e071b537;5
20160229091356;1bcac9a1;4
20160229091843;64cdc047;5
20160229092504;94d4c247;1
20160229093000;33284ab1;5
20160229093118;502ab737;5
20160229093612;807d9c1e;5
20160229094329;40d0b637;2
20160229094523;d3e46a62;5
20160229095003;e3aa6a62;2
20160229095518;f3146b62;2
20160229095630;0a8b337;3
20160229100038;c304ab1;5
20160229101727;d3d44db1;3
20160229101844;945cc147;2
20160229102006;10d99a1e;3
20160229102119;10d99a1e;3
20160229102242;33284ab1;5
20160229102446;2473381;5
20160229102805;73314eb1;5
20160229102856;c304ab1;5
20160229103008;e49bbf47;3
20160229103105;64cdc047;5
20160229105141;94d4c247;1
20160229110315;e3aa6a62;2
20160229110338;e3aa6a62;2
20160229111416;8471c447;2
20160229111521;8471c447;2
20160229120930;64cdc047;5
20160229122505;c304ab1;5
20160229122737;0a8b337;3
20160229122737;0a8b337;3
20160229122839;7a1798b3;3
20160229122839;7a1798b3;3
20160229134523;e071b537;5
20160229134626;80a6b337;3
20160229134914;24abc147;2
20160229135133;73314eb1;5
20160229135133;73314eb1;5
20160229135415;c304ab1;5
20160229135926;80a6b337;3
20160229140124;33284ab1;5
20160229140504;40d0b637;2
20160229142414;0a8b337;3
20160229143837;ooooo2;5
20160229144724;73314eb1;5
20160229150827;d3d44db1;3
20160229151344;33284ab1;5
20160229151615;64cdc047;5
20160229151729;64cdc047;5
20160229153110;fb7caa1;2
20160229153212;fb7caa1;2
20160229153254;fb7caa1;5
20160229154926;f3146b62;2
20160229155310;2473381;5
20160229162018;80a6b337;3
20160229162124;502ab737;1
20160229162216;80a6b337;3
20160229162322;33284ab1;5
20160229162437;e071b537;3
20160229162625;7a1798b3;3
20160229162625;7a1798b3;3
20160229164214;24abc147;2
20160229165723;10d99a1e;3
20160229171936;945cc147;2
20160229172230;807d9c1e;5
20160229173022;33284ab1;5
20160229173200;d3d44db1;3
20160229173303;d3d44db1;3
20160229174833;c304ab1;5
20160229175025;c304ab1;5
20160301081458;33284ab1;5
20160301082633;c31c6b62;3
20160301082633;c31c6b62;3
20160301100900;24abc147;2
20160301101441;54d0c447;4
20160301102148;40d0b637;2
20160301102241;ooooo2;5
20160301102913;945cc147;2
20160301103308;33284ab1;5
20160301103447;9073b637;5
20160301103549;f3146b62;5
20160301105318;e3aa6a62;2
20160301111010;c304ab1;5
20160301111117;64cdc047;5
20160301111221;80a6b337;3
20160301112201;e49bbf47;3
20160301112711;807d9c1e;5
20160301112816;33284ab1;5
20160301115143;40c8b237;5
20160301120407;807d9c1e;5
20160301122138;64cdc047;5
20160301122138;64cdc047;5
20160301122246;208b437;5
20160301122246;208b437;5
20160301122931;7a1798b3;3
20160301122931;7a1798b3;3
20160301123042;0a8b337;3
20160301123042;0a8b337;3
20160301123145;c304ab1;5
20160301123145;c304ab1;5
20160301124949;33284ab1;5
20160301124949;33284ab1;5
20160301125057;502ab737;5
20160301125201;94d4c247;1
20160301130906;e3aa6a62;2
20160301131028;ooooo2;5
20160301131135;945cc147;2
20160301134808;807d9c1e;5
20160301134907;33284ab1;5
20160301140317;40c8b237;5
20160301141209;33284ab1;5
20160301141446;f3146b62;5
20160301141527;f3146b62;5
20160301142528;0a8b337;3
20160301143421;13534eb1;3
20160301144332;24abc147;3
20160301150133;807d9c1e;5
20160301152836;208b437;5
20160301153416;33284ab1;5
20160301161353;13534eb1;3
20160301162739;8471c447;2
20160301162835;8471c447;5
20160301163007;502ab737;1
20160301163058;33284ab1;5
20160301164837;80a6b337;4
20160301164837;80a6b337;4
20160301174556;33284ab1;3
20160301174556;33284ab1;3
20160301185712;807d9c1e;5
20160301185712;807d9c1e;5
20160301193046;807d9c1e;5
20160301193046;807d9c1e;5
20160301201822;807d9c1e;5
20160301201822;807d9c1e;5
20160302073601;807d9c1e;5
20160302075413;807d9c1e;5
20160302080152;80a6b337;3
20160302080624;33284ab1;5
20160302080933;0a8b337;3
20160302082729;c31c6b62;3
20160302084601;fb7caa1;2
20160302084701;8471c447;5
20160302084721;8471c447;2
20160302084743;8471c447;2
20160302085159;33284ab1;5
20160302085730;1bcac9a1;4
                          20160302102406;33284ab1;5
20160302102616;0a8b337;3
20160302103319;e3aa6a62;2
20160302104341;c304ab1;5
20160302104442;c304ab1;5
20160302105131;94d4c247;1
20160302111055;308cb337;2
20160302111235;80a6b337;3
20160302111355;10d99a1e;3
20160302111525;73314eb1;5
20160302111633;40d0b637;2
20160302111843;945cc147;2
20160302111945;ooooo2;5
20160302112107;33284ab1;5
20160302112221;9073b637;5
20160302112323;c304ab1;5
20160302112752;e49bbf47;3
20160302120123;807d9c1e;5
20160302122637;7a1798b3;3
20160302122739;0a8b337;3
20160302124504;80a6b337;3
20160302124804;9073b637;5
20160302125147;94d4c247;1
20160302125147;94d4c247;1
20160302125309;94d4c247;1
20160302125357;d3e46a62;5
20160302125842;33284ab1;5
20160302131241;64cdc047;5
20160302131509;c31c6b62;3
20160302132403;33284ab1;5
20160302133001;c304ab1;5
20160302134215;40c8b237;5
20160302134645;fb7caa1;2
20160302135315;d3d44db1;3
20160302140905;24abc147;2
20160302141136;208b437;5
20160302143952;24abc147;5
20160302144055;24abc147;5
20160303102424;24abc147;2
20160303105000;24abc147;2
20160303105038;24abc147;5
20160303105213;24abc147;5
20160303105312;24abc147;5
20160303105353;24abc147;5
20160303105517;24abc147;5
20160303105650;24abc147;5
20160303105705;24abc147;5
20160303110002;24abc147;5
20160303110032;24abc147;3
20160303111452;24abc147;1
20160303111518;24abc147;4
20160303111628;24abc147;3
20160303111703;24abc147;4
20160303111719;24abc147;1
20160303111734;24abc147;3
20160303111750;24abc147;1
20160303111921;24abc147;2
20160303111938;24abc147;4
20160303111955;24abc147;1
20160303112011;24abc147;1
20160303112432;24abc147;3
20160303112528;24abc147;4
20160303112551;24abc147;1
20160303112622;24abc147;3
20160303112638;24abc147;3
20160303113151;24abc147;4
20160303113206;24abc147;3
20160303113225;24abc147;1
20160303113359;24abc147;3
20160303113427;24abc147;3
20160303113451;24abc147;1
20160303113508;24abc147;4
20160303113929;24abc147;2
20160303114026;308cb337;2
20160303114045;24abc147;3
20160303114109;308cb337;4
20160303114127;24abc147;5
20160303114144;24abc147;4
20160303114159;308cb337;1
20160303114216;24abc147;2
20160303115248;24abc147;3
20160303115310;f3146b62;5
20160303115336;24abc147;3
20160303173706;24abc147;5
20160303173942;24abc147;5
20160303174352;24abc147;2
